à ... près,a ... tost
à ... près,war-boues
a fortiori,a fortiori
a posteriori,a posteriori
a priori,a priori
abaisser une perpendiculaire,diskenn ur skwerenn
abaque,abakenn
abréviation,berradur
abscisse,absiss
absolu,absolut
absolue (valeur),talvoud absolut
absolument,end-absolut
abstraction,abstretadur
abstrait,abstret
absurde,absurd
abus de langage,drougusañs-yezh
accélération,buanadur
accéléré,buannaet
accessible,ac'hesadus
accolade {},briatadur
accroissement,kreskamant
accumulation,berniadur
accumulation (point d'),poent-berniadur
acutangle,lemmgorn
achevé,peurachu
addition,adission
additionner,adissioniñ
adjacent,adjassant
adjacents (angles),ankloù adjassant
affine,afin
agrandissement,brasadur
aigu,lemm
aigu (angle),ankl lemm
aire,gorread
aléatoire,dargouezheg
aléatoire (variable),variantenn dargouezheg
algèbre,aljebr
algèbre commutative,aljebr komutativel
algèbre de Boole,aljebr Boole
algébrique,aljebreg
algébrique (géométrie),geometriezh aljebreg
algébriquement,end-aljebreg
algorithme,algoritm
algorithme d'Euclide,algoritm Euclide
algorithmique,algoritmik
algorithmique,algoritmikel
aligné,"a-steud, steudet"
alignement,steudadur
alignement (droite d'),eeunenn-steudadur
aligner,steudañ
"alpha (α, Α)",alfa
alphabet,alfabet
alternative,alternativenn
alterne,alternel
alterné,alternet
alterne-externe,alternel-diavaes
alterne-interne,alternel-diabarzh
alternée (série),serienn alternet
altitude,usted
ambigu,forc'helleg
ambiguïté,forc'hellegezh
amiables (nombres),niveroù mignonel
amplitude,ampled
analogie,analogiezh
analogique,analogikel
analogue,analog
analogue,analogel
analyse,analis
analyse combinatoire,analis kombinadurel
analyse fonctionnelle,analis fonksionel
analyser,analisañ
analyticité,analitikelezh
analytique,analitikel
analytique (fonction),fonksion analitikel
angle,ankl
angle au centre,ankl-kreisenn
angle orienté,ankl reteret
angle solide,ankl solud
angulaire,"-ankl, anklel"
angulaire (secteur),sektor-ankl
année,bloawezh
année lumière,bloawezh gouloù
annulateur,nullaer
annulation,nulladur
annuler (s'),(en em) nullaad
antécédent,diagenter
anti-,anti-
appartenance,aparchant
appartenir,aparchantiñ (douzh)
approché,tostaet
approchée (valeur),talvoud tostaet
approximation,tostadur
arabe (chiffre),sifr arabeg
arbitraire,arbitrel
arbitrairement,end-arbitrel
arbre de calcul,gwezenn-jediñ
arc (fonction),ark
arc cosinus,ark kosinus
arc sinus,ark sinus
arc tangente,ark tanjant
are,ar
arête,ker
arête d'un polyèdre,ker eus ur poliedr
argument d'un nombre complexe,argumant un niver kompleks
argumentation,arguzadenn
Arithmético-géométrique,heulienn aritmetiko-geometreg
arithmétique,aritmetik
arithmétique,aritmetikel
arithmétisation,aritmetisadur
arithmétiser,aritmetisañ
arrangement,arenkamant
arrondi,rontaed
arrondi (erreur d'),error a rontaed
arrondir,rontaad
arrondissement,rontadur
assemblage,strolladenn
assertion,assertadenn
associé (à),kevredet (gant)
astérisque,asterisk
atteindre,tizhoud
atteint,tizhet
atto- (a) : ×10^-18,ato-
auto-,aoto-
auxiliaire,skoazel
axe,ahel
axe de révolution,ahel-tro
axe de rotation,ahel-trôadenn
axe de symétrie,ahel-simetriezh
axial,"-ahel, ahelel"
axiale (symétrie),simetriezh-ahel
axiome,aksiom
babylonien,babilonian
bande,bandenn
barre,barrenn
barre de fraction,barrenn-fraksion
barycentre,barikreisenn
barycentrique,barikreisenneg
base,diasenn
base de numération,diasenn a niveradur
bêta (β),beta
bi-,bi-
bidimensionnel,diwventel
billion (10^12),bilion
bimagique (carré),karrez bimajik
binaire,binar
binôme,binom
binomial,binomial
bissecteur,-bissekter
bissection,bisseksion
bissectrice,bissekteres
bloc,bloc'h
booléen,boolean
bord,bord
borne,bonn
borné,bonnet
borne inférieure,bonn issañ
borne supérieure,bonn ussañ
borner,bonnañ
boule,boull
bouteille de Klein,boutailh Klein
branche,brank
branche infinie,brank infinit
calcul,jedadur
calculatrice,jederes
calculer,"jediñ, kalkuliñ"
calendrier,kalander
canonique,kanonikel
caractériser,karakterisañ
caractéristique,karakteristik
caractéristique,karakteristikel
cardinal,kardinal
carré,karrez
carré magique,karrez majik
carrée (racine),gwrizienn garrez
carte,kartenn
cartésien,kartesian
cartésien (produit),produ kartesian
cas,kas
catégorie,kategorienn
cellulaire,kelligel
cellule,kellig
centi- (c) : ×10^-2,santi-
centile,santil
central,"-kreis, kreisennel"
centrale (symétrie),simetriezh-kreis
centre,kreisenn
centré,kreisennet
centre de gravité,kreisenn-gravite
cercle,kelc'h
certain,assur
certain,serten
certitude,assurded
circonscrire (à),troskrivañ (douzh)
circonscrit (à),troskrivet (douzh)
circonscrit (cercle),kelc'h troskrivet
circulaire,"-kelc'h, kelc'hieg"
circulaire (permutation),permutadenn gelc'hieg
circulaire (secteur),sektor-kelc'h
classe,klassad
classe d'équivalence,klassad a ekwivalañs
classification,klassifiadur
classifier,klassifiañ
classique,klassikel
co-,ken-/ko-
codage,koderezh
code,kod
coder,kodiñ
coefficient,koefissiant
cohérence,koherañs
colonne,kolonenn
combinaison,kombinadenn
combinaison linéaire,kombinadenn linear
combinatoire,kombinadurel
combinatoire,kombinadurezh
commun (à),boutin (da)
commun (facteur),faktor boutin
commuter,komutañ
comparable,keñveriadus
comparaison,keñveriañ
comparer,keñveriañ
compas,kompas
compatibilité,kendere
compatible (avec),kendere (gant.)
complément(aire),klokamant
complémentaire,klokamantel
complémentarité,klokamantelded
complet,klok
complété,klokaed
compléter,klokaad
complexe,kompleks
complexe (nombre),niver kompleks
complexification,kompleksadur
complexifié,kompleksaed
complexifier,kompleksaad
complexité,kompleksted
composante,komponantenn
composé,komposed
composé (nombre),niver komposet
composée,komposenn
composer,komposiñ
composition,komposadur
compréhension,komprenadur
compris entre,lec'hiet etre
compter,kontañ
concaténation,kenchadennadur
concaténer,kenchadenniñ
concave,konkav
concavité,konkavded
Concentrique,kengreisenneg
concept,"konsept, meizad"
conceptualisation,konseptualisadur
conceptuel,konseptual
conclure,kenglosañ
conclusion,kenglosad
concourant,kenredus
concourantes (droites),eennennou kenredus
concourir,kenredeg
concours (point de),kenred (poent-)
concret,konkret
condition,kondission
condition nécessaire,kondission red
condition suffisante,kondission bastus
conditionnel,kondissionel
conditionnement,kondissionamant
conditionner,kondissioniñ
cône,kon
cône de révolution,kon-tro
cône tronqué,kon besk(et)
confiance,fiziañs
configuration,konfigurassion
confondre,kendeuziñ
confondu,kendeuzet
conforme,konform (da)
congru (à),kongruant (da)
congruence,kongruañs
congruent (à),kongruant (da)
conique,koneg
conique,konikenn
conjecture,konjekturenn
conjecturer,konjekturiñ
connexion,konneksion
consécutif,kenheulius
conséquence,koñsekañs
conservatif,mirus
conserver,miroud
constant,koñstant
constante,koñstantenn
constat,kenstad
constater,kenstadañ
constructible,"kensavadus, koñstruadus"
constructible à la règle et au compas,tressadus gant ar reolenn hag ar c'hompas
construction,"kensavadur, koñstruadur"
construire,"kensevel, koñstruiñ"
contact (point de),poent-kontakt
contenir,enderc'hel
contexte,kontekst
continu,kendalc'hus
continuée (fraction),fraksion kendalc'het
continuité,kendalc'husted
continûment,ent-kendalc'hus
contour,kendro
contra-,kontra-
contraction,kontraksion
contradiction,dislavar
contradictoire,dislavarus
contraire,kontrel ad/m.
contraposé,kontraposed
contraposée,kontraposenn
contraposition,kontraposadur
contre-exemple,skwer-eneb
contrôle,kontroll
contrôler,kontrolliñ
convergence,koñverjañs
convergent,koñverjant
convergente (suite),heulienn g-koñverjant
converger (vers),koñverjiñ (war-du)
coordonnée,kennurzhienn
coplanaire,kemplanel
coplanéarité,kemplanelded
corde,kordenn
corollaire,korollar
corps,korf
corps de fractions,korf-fraksionoù
corrélation,korreladur
corrélé,korrelet
corréler,korreliñ
correspondance,kenglotadur
correspondant,kenglotus
correspondre (à),kenglotañ (gant)
cosécante,kosekant
cosinus (cos),kosinus
cotangent,kotañjant
cotangente (cotg),kotanjant
cote,savenn
côté,kostez
couleur,liw
couper,troc'hañ
couple,koublad
coupure,troc'hadur
courbe,krommenn
courbure,krommadur
couronne circulaire,kurunenn-gelc'h
"CQFD,",APRA
crible,krouer
critère,kriter
critique,kritikel
crochet [],kroched
croisé,kroaset
croissance,kreskañs
croissant,kreskant
croître,kreskiñ
croix,kroas
cryptographie,kriptografiezh
cryptographique,kriptografeg
cube,kub
cubique,kubeg
cubique,kubikenn
cubique (racine),gwrizienn gubeg
cumulatif,kumulativel
cumulé,kumulet
cumuler,kumuliñ
curviligne,krommlinnennel
cycle,sikl
cyclide,siklid
cyclique,sikleg
cycloïdal,sikloidal
cycloïde,sikloidenn
cylindre,sileñdr
cylindre de révolution,sileñdr-tro
cylindrique,silendreg
chaîne,chadenn
chaînette,chadennig
champ,parkad
changement,chañchamant
changer,chañch
changer de signe,chañch sin
chaos,c'haos
chemin,hent
chiffre,sifr
choisir,choas
choix (axiome du),aksiom ar choas
dé,diñs
déca- (da) : ×10^10,deka-
décagonal,dekagonel
décagone,dekagon
déci-(d) : ×10^-1,dessi-
décidabilité,dessidadusted
décidable,dessidadus
décile,dessil
décimal,degel
décimal (nombre),niver degel
décimale,degelenn
décomposé,digomposet
décomposer,digomposiñ
décrire,deskrivañ
décrit,deskrivet
décroissance,digreskañs
décroissant,"digreskant ad,"
décroître,digreskiñ
déductibilité,dedusadusted
déductible,dedusadus
déductif,deduktivel
déduction,"deduksion, dedusadur"
déduire,dedusiñ
défaut (par),"dre ziouver, dre zefot"
défini,termenet
définir,termenañ
définition,termenadur
déformation,diformadur
déformer,diformiñ
degré,derez
"delta (δ, Δ)",delta
demi-,hanter-
demi-axe,hanter-ahel
demi-cercle,hanter-gelc'h
demi-droite,hanter-eeunenn
demi-espace,hanter-spass
demi-grand axe,hanter-ahel bras
demi-période,hanter-beriod
demi-petit axe,Hanter-ahel bihan
demi-plan,hanter-blan
démonstration,anatadenn
démontrabilité,anatadusted
démontrable,anatadus
démontrer,anataad
dénombrable,niveradus
dénombrement,niveriñ
dénombrer,niveriñ
dénominateur,denominator
densité,douester
dépendance,depantusted
dépendant (de),depantus (douzh)
dépendre (de),depantoud (douzh)
déplacement,diblassamant
dérangement,direnkamant
dérivabilité,deveradusted
dérivable,deveradus
dérivation,deveradur
dérivé,deveret
dérivée,deverenn
dérivée à droite,deverenn a-zehoù
dérivée à gauche,deverenn a-gleiz
dérivée partielle,deverenn darnel
dérivées successives,deverennoù heulius
dériver,deveriñ
descendante,diskennant
descendante (chaîne),chadenn diskennant
descente infinie,diskenn infinit
description,deskrivadur
descriptive (géométrie),geometriezh deskriptivel
déterminant,determinant
déterminer,determinañ
développabilité,diorroadusted
développable,diorroadus
développée,diorroenn
développement,diorroadur
développement décimal,diorroadur degel
développer,diorren
dia-,dia-
diable (escalier du),skalier au diaoul
diagonal,diagonal
diagonale,diagonalenn
diagramme,m. diagramm
diagramme circulaire,diagramm kelc'hieg
diagramme en bâtons,diagramm e bizhier
diamétral,diametral
diamétralement,ent-diametral
diamètre,diametr
dichotomie,dikotomiezh
dièdre,diedr
différence,diferañs
différent (de),diforc'h (diouzh)
dimension,ment
diophantien,diofantian
direct,"eeun, direkt"
direct (produit),produ direkt
directement,end-eeun
directeur,"durc'haer, rener"
directeur (coefficient),koeffisiant durc'haer 
direction,durc'hadur
discontinu,digendalc'hus
discontinuité,digendalc'husted
discriminant,diskriminant ad/m.
disjoindre,disjuntañ
disjoint,disjunt
disjonction,disjuntadur
disque,disk
dissymétrie,dissimetriezh
dissymétrique,dissimetreg
distance,distañs
distinct, diforc’h (diouzh)
distributif,distributivel
distribution,distribussion
distributivité,distributivelezh
divergence,diverjans
divergent,diverjant
diverger,diverjiñ
dividende,ranned
diviser,rannañ
diviseur,ranner
diviseur commun,ranner boutin
diviseur de zéro,ranner eus zero
divisibilité,rannadusted
divisible,rannadus
division,rannadur
division euclidienne,rannadur euklidian
dodécaédral,dodekaedrel
dodécaèdre,dodekaedr
dodécagonal,dodekagonel
dodécagone,dodekagon
données,roennou
double,doubl
doublement,end-doubl
doublet,doublet
doubleton,daouad
droit,reizh
droit (angle),ankl reizh
droit (cylindre),silendr reizh
droite,eeunenn
droite graduée,eeunenn dereziet
duodécimal,daou-zegel
dynamique,dinamikel
"dzêta (ζ, Ζ)",dzeta
écart,diskart
écart angulaire,diskart-ankl
écart-type,diskart-tip
éclipse,eklipsenn
écriture,skritur
écriture décimale,skritur degel
échantillon,standilhon
échelle,skeul
échelle métrique,skeul metreg
effectif,efektivel
effectif,niverad
effectivité,efektivelezh
effet,efed
efficace,efedus
efficacité,efedusted
égal (à),kevatal (da)
égalité,kevatalder
égalité remarquable,kevatalder remerkus
égyptien,ejipsian
eikosiheptagramme,ikosiheptagramm
élément,elfenn
élémentaire,elfennel
élémentaire (géométrie),geometriezh elfennel
élever,sevel
élever un nombre au carré,sevel un niver d'ar c'harrez
élimination,eslamadur
éliminer une variable,eslemel ur variantenn
ellipse,elipsenn
ellipsoïdal,elipsoïdel
ellipsoïde,elipsoïd
ellipsoïde de révolution,elipsoïd-tro
elliptique,eliptik
éloignement,pellder
emboîté,embouestet
empilement,entessadur
empiler,entessiñ
encadrement,sterniadur
encadrer,sterniañ
énergie,energiezh
engendré (par),engehentet (gant)
engendrer,engehentañ
ennéagone,enneagon
énoncé,enonsiad
énoncer,enonsiñ
énonciation,enonsiadenn
ensemble,teskad
entier,anterin
entier de Gauss,anterin Gauss
entier naturel,anterin naturel
entier relatif,anterin relativel
entraîner (impliquer),emplegañ
entropie,entropiezh
épi-,epi-
"epsilon (ε, Ε)",epsilon
équateur,keheder
équation,kevatalenn
équation (mettre en),kevatalenniñ
équation (mise en),kevatalennadur
équatorial,kehederel
équerre,skwer
équi-,"ekwi-, ke-"
équidistance,ekwidistañs
équidistant (da),ekwidistant (diouzh)
équilatéral,kekostezeg
équilibre,kempoues
équinoxe,kehedez
équipotence,ekwipotañs
équipotent (à),ekwipotant (da)
équiprobabilité,ekwiprobapted
équiprobable,ekwiprobabl
équivalence,ekwivalañs
équivalent (à),ekwivalant (da)
erreur,error
escalier,skalier
escalier (fonction en),fonksion a skalier
espace,spass
espèce,spess
espérance mathématique,esperañs matematik
essentiel,essañsiel
ET (∧),"HA, HAG"
"êta (η, Η)",eta
euclidien,euklidian
eulérien,eulerian
évaluation,evaluadur
évaluer,evaluiñ
événement,darvoud
éventualité,c'hoarvoud
éventuel,c'hoarvoudel
évident,anad
exa- (E) : ×10^18,egza-
exact,rik
exactitude,rikted
excentricité,eksantregezh
excentrique,eksantreg
excepté,seped
exceptionnel,sepedel
excès,ekses
exclu,eskloset
exclure,esklosañ
exclusif,esklosus
exclusion,esklosadur
existe (il),"bez'ez eus, boud ez eus"
existe un ... au moins (il),bez'ez eus un ... d'an nebeutañ
existence,bezoud
existentiel,-bezoud
exister,"bezañ, boud"
expérience,arnodad
explication,esplegadur
explicite,espleg
expliciter,esplegataad
expliquer,esplegañ
exponentiation,eksponantadur
exponentiel,eksponañsiel
exponentielle,eksponañsiel
exposant,eksponant
expression,estaolad
exprimer,"esteurel, esteuler"
extension,emledadur
extension,ledanadur
extérieur,diavaes
externe,-diavaes
extraction,estennadur
extraire,estennañ
extrait,estennet
extrapolation,ekstrapoladur
extrapoler,ekstrapoliñ
extrémal,ekstremal
extrémale,ekstremalenn
extrémité,dibenn
extrémités,pennoù
extremum,ekstremum
face,talenn
facteur,faktor
facteur commun,faktor boutin
factoriel,faktorel
factorielle n (n!),faktorel n
factorisation,faktorisadur
factoriser,faktorisañ
faible,gwan
faisceau,feskatl
famille,familh
faut (il),red eo
faut (il) et il suffit,red eo ha bastus eo
faut (il) et il suffit,red eo ha sufiss eo
faux,faos
femto- (f) : ×10^-15,fenito-
fermé,serred
fermé (intervalle),interval serr
fermé à droite,serr a-zehoù
fermé à gauche,serr a-gleis
feuillet,feuilhed
figure,figurenn
fini,finit
fini (ensemble),teskad finit
fonction,fonksion
fonction continue,fonksion g-kendalc'hus
fondamental,diasez
fondements,diasoù
formalisation,formalisadur
formaliser,formalisañ
forme,form
formel,formel
formel (calcul),jedadur formel
formulation,formuladur
formule,formulenn
formuler,formuliñ
fractal,fraktal
fractale,fraktalenn
fraction,fraksion
fractionnaire,fraksionel
fréquence,frekañs
galiléen,galilean
galoisien,galoasian
"gamma (γ, Γ)",gamma
gaussien,gaossian
général,jeneral
généralisation,jeneralisadur
généralisé,jeneraliset
généraliser,jeneralisañ
généralité,jeneralded
géométrie,geometriezh
géométrie elliptique,geometriezh eliptik
géométrie euclidienne,geometriezh Euklidian
géométrie hyperbolique,geometr. hiperboleg
géométrie métrique,geometriezh metreg
géométrique,geometreg
géométrisation,geometrisadur
giga- (G) : ×10^9,giga-
glissée (symétrie),simetriezh risklet
glissement,riskladur
global,global
globalement,ent-global
globalisation,globalisadur
globaliser,globalisañ
globalité,globalded
gnomon,gnomon
gradient,gradiant
graduation,"dereziadur, graduadur"
gradué,"dereziet, graduet"
graduer,"dereziañ, graduiñ"
grammaire,yezhadur
gramme,gramm
grand,bras
grand (infiniment),bras-infinit
grand (plus ... que),brassoc'h eged
grandeur,braster
graphe,graf
graphique,grafik
graphique,grafikel
gravitation,gravitadur
gravité,gravite
gravité (centre de),kreisenn-gravite
graviter,gravitañ
harmonique,harmonik
harmonique,harmonikel
hasard,asard
hauteur,uhelder
hauteur,uhelderenn
hectare,hektar
hecto- (h) : ×10^2,hekto-
hélice,heliss
hélicoïdal,helikoïdel
hélicoïde,helikoïd
hémisphère,hemisferenn
hendécagone,hendekagon
heptadécagone,heptadekagon
heptaèdre,heptaedr
heptagone,heptagon
hétérogène,heterogeneg
hexadécimal,c'hwe-zegel
hexaèdre,hegzaedr
hexagonal,hegzagonel
hexagone,hegzagon
hexagramme,hegzagramm
histogramme,histogramm
homo-,homo-
homogène,homogeneg
homologue,homologel
homothétie,homotetiezh
homothétique,homoteteg
horizon,horizon
horizontal,horizontal
horizontale,horizontalenn
horizontalité,horizontalded
hyper-,hiper-
hyperbole,hiperbolenn
hyperbolique,hiperboleg
hyperbolique (fonction),fonksion hiperboleg
hyperboloïde,hiperboloïd
hyperelliptique,hipereliptik
hypergéométrique,hipergeometreg
hypergraphe,hipergraf
hyperplan,hiperplan
hyperquadrique,hiperkwadrikenn
hypersphère,hipersferenn
hypersurface,hipergorreenn
hypo-,hipo-
hypoténuse,hipotenusenn
hypothèse,hipotesenn
hypothético-déductif,hipotetiko-deduktivel
hypothétique,hipoteteg
icosaèdre,ikosaedr
idéal,ideal
idéal premier,ideal prim
idéal principal,ideal pennañ
identification,identifiadur
identifier,identifiañ
identique,identel
identiquement,end-identel
identiquement nul,null end-identel
identité,identite
image,skeudenn
imaginaire,imajinar
imaginaire pur,imajinar pur
impair,ampar
implication,emplegadur
implicite,empleg
impliquer,emplegañ
impossibilité,dibossupted
impossible,dibossubl
incertitude,diassurded
incidence,insidañs
incident,insidant
inclure,enklosañ
inclus,enkloset
inclusif,enklosus
inclusion,enklosadur
incommensurabilité,digenvusuliadusted
incommensurable,digenvusuliadus
incompatibilité,digendere
incompatible,digendere
incomplet,diglok
incomplétude,diglokted
inconnue,dianavenn
indécidabilité,andessidadusted
indécidable,andessidadus
indécomposable,andigomposadus
indéfini,antermenet
indémontrable,dianatadus
indépendance,di-zepantusted
indépendant (de),di-zepant (diouzh)
indexer,indeksiñ
indicateur,diskweler
indication,diskweladenn
indicatrice,diskweleres
indice,indiss
indiquer,diskwel
indirect,aneeun
individu,hinienn
indo-arabe,indo-arabeg
inductif,induktivel
induction,"induksion, indusadur"
induire,indusiñ
induit,induset
inégal,digevatal
inégalité,digevatalder
inégalité triangulaire,digevatalder tric'horneg
inéquation,digevatalenn
inertie,inertiezh
inexact,anrik
inexactitude,anrikted
inférence,inferañs
inférer,inferiñ
inférieur,issañ
inférieur (à),bihannoc'h (eged)
inférieure (borne),born issañ
inférieure (limite),limit issañ
inférieurement,end-issañ
infini,infinit
infiniment,infinit
infinité,infinit
infinitésimal,infinitesimal
infinitude,infinited
inflexion,infleksion
initial,initial
initialisation,initialisadur
initialiser,initialisañ
injectif,injektivel
injection,injeksion
injectivité,injektivelezh
inscriptible,enskrivadus
inscrire,enskrivañ
inscrit,enskrivet
instabilité,distabilded
instable,distabil
instant,istant. m.
instantané,istantel
inter (∩),inter
intérieur,diabarzh
intermédiaire,-etre
interne,-diabarzh
Internet,Internet
interpolation,interpoladur
interpoler,interpoliñ
interprétation,interpretadur
interpréter,interpretiñ
interquartile,interkwartil
intersection,interseksion
intervalle,interval
intervalle de confiance,interval-fiziañs
intrinsèque,intrinsek
invariance,invariañs
invariant,invariant ad/m.
inverse,invers
inversement,end-invers
inverser,inversiñ
inverses (éléments),elfennoù invers
inverses (figures),figurennoù invers
inversibilité,inversadusted
inversible,inversadus
inversion,"inversadenn, inversadur"
"iota (ι,Ι)",iota
irrationalité,anrassionalded
irrationnel,anrassional
irréductibilité,diredusadusted
irréductible,diredusadus
irrégularité,direoliegezh
irrégulier,direol(ieg)
iso-,iso-
isobarycentre,isobarikreisenn
isocèle,isoskel
isochrone,isokron
isogonal,isogonal
isolation,isoladur
isolé,isolet
isoler,isoliñ
isométrie,isometriezh
isométrie affine,isometriezh afin
isométrique,isometreg
isotope,isotopel
isotopie,isotopiezh
issu (de),o toned eus
itératif,iterativel
itération,iteradur
itéré,itered
itérée,iterenn
itérer,iteriñ
jeu,c'hoari
jeu à pile ou face,c'hoari pil pe groas
jeu de dés,c'hoari dinsoù
joindre,juntañ
jumeaux (nombres),niveroù gevell
Jupiter,Jupiter
"kappa (κ,Κ)",kappa
"khi (χ, Χ)",khi
kilo- (k) : ×10^3,kilo-
"ksi (ξ, Ξ)",ksi
"lambda (λ,Λ)",lambda
langage,langaj
langage formel,langaj formel
largeur,ledander
latéral,kostezel
latitude,ledenn
lemme,lemma
lettre,lizherenn
liberté,librentez
libre,libr
lié,liammet
lieu géométrique,lec'h geometreg
ligne,linenn
ligne de niveau,linenn-live
limaçon de Pascal,maligorn Pascal
limite,limit
limite inductive,limit induktivel
limite inférieure,limit issañ
limite supérieure,limit ussañ
linéaire,linear
linéaire (algèbre),aljebr linear
linéaire (système),sistem linear
linéairement,end-linear
linéarisation,linearisadur
linéariser,linearisañ
linéarité,linearded
littéral,lizherennel
local,lokal
localement,end-lokal
localisation,lokalisadur
localisé,lokalised
localiser,lokalisañ
log-normal,log-normal
log-transformer,log-transformiñ
logarithme,logaritm
logarithme intégral,logaritm integral
logarithmique,logaritmeg
logique,lojik
logique,lojik
loi,lesenn
longitude,hedenn
longitudinal,hedennel
longueur,hirder
losange,losanj
lunule,loarell
machine,machin
magique (carré),karrez majik
majeur,major
majorant,majorant
majoration,majoradur
majoré,majoret
majorer,majoriñ
mantisse,mantiss
Mars,Mars
mathématicien,matematikour
mathématique,matematik(el)
Mathématique(s),Matematik(où)
Mathématiques appliquées,Matematik(où) arveret
Mathématiques modernes,Matematik(où) modern
Mathématiques pures,Matematik(où) pur
mathématisation,matematisadur
matrice,matriss
matriciel,matrissel
maximal,maksimal
maximalité,maksimalded
maximisation,maksimisadur
maximum,maksimum
mécanique,mekanik
mécanique,mekanikel
médian,median
médiane,medianennn
médiateur,mediator
médiatrice,mediatores
méga- (M) : ×10^6,mega-
membre,esel
Mercure,Merkur
méridien,meridian
méridienne,meridianenn
méridienne,meridianenn
mesurabilité,musuliadusted
mesurable,musulliadus
mesure,musul
mesure (théorie de la),teorienn ar musul
mesurer,musuliañ
méta-,meta-
métalangage,metalangaj
métalogique,metalojik
métamathématique,metamatematik
méthode,metod
méthodique,metodikel
méthodologie,metodologiezh
méthodologique,metodologikel
mètre,metr
mètre carré,metr-karrez
mètre cube,metr-kub
métrique,metreg
métrique,metrik
métrisable,metrisadus
micro- (μ) : ×10^-6,mikro-
milieu,"kreis, (poent)-kreis"
mille,mil
milli- (m) : ×10^-3,mili-
milliard (10^9),miliard
million (10^6),milion
mineur,minor
minimal,minimal
minimalité,minimalded
minimax,minimaks
minimisation,minimisadur
minimiser,minimisañ
minimum,minimum ad/m.
minorant,minorant ad/m.
minoration,minoradur
minoré,minoret
minorer,minoriñ
minute,munut
mixte (produit),produ kemmesk
mobile,fiñvus
modal,modal
mode,mod
modèle,"model, patrom"
modélisation,modelisadur
modéliser,modelisañ
moderne,modern
modulaire,modular
module,modul
modulo,modulo
moins,"namaed, nemed"
moment,"momant m,"
mono-,mono-
monodromie,monodromiezh
monogène,monogeneg
monôme,monom
monômial,monomial
monotone,monotonel
monotonie,monotoniezh
morceau,tamm
morphisme,morfism
mot,ger
mouvement,fiñvadur
moyen,krenn
moyenne,krennenn
moyenne pondérée,krennenn kempoueset
"mu (μ, Μ)",mu
muet,mud
multi-,"lies-, multi-"
multidimensionnel,liesmentel
multilinéaire,multilinear
multilinéarité,multilinearded
multinomial,multinomial
multiple,lieskement
multiplet,multiplet
multipliable,liesadus
multiplicande,liessaed
multiplicateur,liessaer
multiplicatif,multiplikativel
multiplication,liesadur
multiplicativité,multiplikativelezh
multiplicité,lieskemented
multiplier,liessaad
n-linéaire,n-linear
n-régulier,n-reolieg
nabla,nabla
nadir,nadir
nano- (n) : ×10^-9,nano-
nappe,napenn
nappe géométrique,napenn geometreg
naturel,naturel
nécessaire,red
nécessaire et suffisant,red ha bastus
nécessaire et suffisant,red ha sufiss
nécessairement,dre red
nécessité,red
négatif,negativel
négation,nac'hadur
négativité,negativelezh
négligeable,divernus
népérien,neperian
néphroïde,nefroïdenn
Neptune,Neptun(us)
neuf points (cercle des),kelc'h an naw foent
neutre,neutrel
newtonien,newtonian
nilpotence,nilpotañs
nilpotent,nilpotant
nilradical,nilradikal
niveau,live
niveau (courbe de),krommenn-live
niveau (surface de),gorreenn-live
nodal,nodal
noethérien,noetherian
nœud,"skloum, skoulm"
nombre,niver
nombre cardinal,niver kardinal
nombre entier,niver anterin
nombre ordinal,niver ordinal
non,"nann, nann-"
NON (¬),NANN
non borné,nann bonnet
non contradictoire,nann dislavarus
NON ET (|),NANN HA
non nul,nann null
NON OU (↓),NANN PE
non tous nuls,pas oll null
non vide,nann goullo
non-contradiction,nann-dislavar
normable,normadus
normal,normal
normal (vecteur),vektor normal
normale,normalenn
normale (loi),lesenn normal
normalement,end-normal
normalisable,normalisadus
normalisateur,normaliser
normalisation,normalisadur
normaliser,normalisañ
normalité,normalded
norme,norm
normé,normet
normé (espace),spass normet
normer,normañ
notation,notadur
notation scientifique,notadur skiantel
noter,notiñ
notion,naoutur
noyau,kraoñell
"nu (ν, Ν)",nu
nul,null
nullité,nullded
numéral,numeral ad/m.
numérateur,numerator
numération,niveradur
numération décimale,niveradur degel
numérique,nivereg
numérique (droite),eeunenn nivereg
numéro,niverenn
numérotation,niverennadur
numéroter,niverenniñ
objet,objet
oblique,beskell
oblique,beskellenn
observation,arsell
observer,arselloud
obtenir,obteniñ
obtus (angle),anlemm
obtusangle,anlemmgorn
occurrence,okurañs
octa-,okta-
octaèdre,oktaedr
octaédrique,oktaedreg
octaétéride,oktaeterid
octal,oktal
octant,oktant
octave,oktav
octet,oktet
octique,oktikenn
octo-,okto-
octogonal,oktogonel
octogone,oktogon
octonion,oktonion
Ombilic,ombilik
ombilicale,ombilikell
"oméga (ω, Ω)",omega
"omicron (ο, Ο)",omikron
onde,gwagenn
ondelette,gwagennig
opérateur,oberier
opération,oberiadur
opérationnel,oberiadurel
opérer,oberiañ
opposé (à),eneb (douzh)
opposé (de),eneb (eus)
opposé (l') de x,an eneb eus x
opposés (points diamétralement),poentoù eneb ent-diametral
opposés par le sommet (angles),ankloù eneb beg-douzh-beg
optimal,optimal
optimalité,optimalded
optimisation,optimisadur
optimiser,optimisañ
optimum,optimum
or (nombre d'),niver aour
orbite,orbit
ordinaire,ordinal
ordinal,ordinal
ordonnable,urzhiadus
ordonné,urzhiet
ordonné (ensemble bien),teskad urzhiet mad
ordonné (ensemble partiellement),teskad urzhiet ent-darnel
ordonné (ensemble totalement),teskad urzhiet end-ollel
ordonnée,urzhienn
ordonnée à l'origine,urzhienn d'an orin
ordonner,urzhiañ
ordre,urzh
ordre (bon),urzh mad
ordre d'une racine,urzh ur wrizienn
ordre de grandeur,urzh a vraster
ordre partiel,urzh darnel
ordre total,urzh ollel m
organigramme,organigramm
organiser,organisañ
orientabilité,"oriantadusted, reteradusted"
orientable,"oriantadus, reteradus"
orientation,"oriatadur, reteradur"
orienté,"oriantet, reteret"
orienter,"oriantiñ, reteriñ"
origine,orin
orthique,ortik
ortho-,orto-
orthocentre,ortokreisenn
orthocentrique,ortokreisenneg
orthodiagonal,ortodiagonal
orthogonal,ortogonal
orthogonale (base),diasenn ortogonal
orthogonalisation,ortogonalisadur
orthogonaliser,ortogonalisañ
orthogonalité,ortogonalded
orthonormal,ortonormal
orthonormalisation,ortonormalisadur
orthonormaliser,ortonormalisañ
orthonormalité,ortonormalded
orthonormé,ortonormet
orthoptique,ortoptikel
oscillation,osilhadur
oscillatoire,osilhadurel
osculateur,oskuladurel
osculation,oskuladur
OU (V),PE
OU...OU (w),PE...PE
ouvert,digor
ouvert d'un espace topologique,digor eus ur spass topologikel
oval,oval
ovale,ovalenn
p-adique,p-adik
p-cycle,p-sikl
p.g.c.d.,b.r.b.
p.p.c.m.,b.l.b.
p.p.d.m.,"b.d.b,"
pair,par
paire,daouad
pandiagonal,pandiagonal
panmagique,panmajik
papyrus,papirus
para-,para-
parabole,parabolenn
parabolique,paraboleg
paraboloïde,paraboloid
paraboloïde de révolution,paraboloïd-tro
paracompact,parakompakt
paradoxal,paradoksel
paradoxe,paradoks
parallaxe,parallaks
parallèle,parallel (da)
parallèle,parallelenn
parallèle d'une surface de révolution,parallel eus ur c'horreenn-dro
parallélépipède,parallelepiped
parallélépipédique,parallelepipedeg
parallélisable,parallelisadus
parallélisme,parallelded
parallélogramme,parallelogramm
parallélotope,parallelotop
paramétré,parametret
paramètre,parametr
paramétrer,parametrañ
paramétrique,parametreg
paramétrisation,parametradur
parcourir,peurredeg
parcours,peurred
parcouru,peurredet
parenthèse,krommell
parfait (nombre),niver parfet
parité,parded
particulariser,partikularisañ
particularité,partikularded
particulier,partikular
partie,lodenn
partiel,darnel
partiellement,ent-darnel
partition,lodennadur
partitionner,lodenniñ
partout,dre-oll
partout (presque),ogos dre-oll
partout dense,doues dre-oll
pas,pasenn
passage (matrice de),matriss-tremen
passer (par),tremen (dre)
patron,patrom
pavable,pavezadus
pavage,pavezadur
pavé,pavez
pentadécagone,pentadekagon
pentaèdre,pentaedr
pentagonal,pentagonel
pentagone,pentagon
pentagone régulier,pentagon reolieg
pente,pantenn
péri-,peri-
périastre,periastr
périgée,perigeenn
périhélie,perihelienn
périmètre,perimetr
période,period
périodicité,periodegezh
périodique,periodeg
permutation,permutadenn
permutation circulaire,permutadenn gelc'hieg
permutation impaire,permutadenn ampar
permutation paire,permutadenn bar
permuter,permutiñ
perpendiculaire,skwerenn
perpendiculaire (à),a-skwer (gant)
perpendicularité,skwerded
perspective,perspektivenn
perspective cavalière,perspektivenn v-marc'hegezh
pesant,pouesant
péta- (P) : ×10^15,peta-
petit,bihan
petit (infiniment),bihan-infinit
petit (plus...que),bihannoc'h eged
phase,fasenn
"phi (φ, Φ)",fi
"pi (π, Π)",pi
pico- (p) : ×10^-l2,piko-
pied,troad
pile ou face pil pe groas,m.
pivot,pawell
plan,plaen
plan,plan
planaire,planel
planéité,planded
planète,planetenn
planimétrie,planimetriezh
plat,plad
platonicien,platonissian
plein,leun
pliage,plegerezh
plückérien,plukerian
plus (+),mui
Pluton,Pluto
podaire,podar
podaire,podarenn
poids,poues
point,poent
point-selle (col),ode
pointé,poentet
polaire,polar
polaire,polarenn
polarisation,polarisadur
polariser,polarisañ
polarité,polarded
pôle,pol
polonais,poloniad
poly-,"lies-, poli-"
polydisque,polidisk
polyèdre,poliedr
polyédrique,poliedreg
polygonal,poligonel
polygone,poligon
polygone régulier,poligon reolieg
polynôme,polinom
polynomial,polinomial
polytope,politop
ponctuel,poentel
pondéré,kempoueset
population,poblañs
poser,posiñ
positif,positivel
position,posadur
positionnel,posadurel
positivité,positivelezh
possibilité,possupted
possible,possubl
postulat,postulad
potentiel,potañsiel
potentiel (infini),infinit e galloud
pour tout x,ewid kement x
pourcentage,dregantad
pré-,"pre-, rag-"
précédé (de),diaraoget (gant)
précis,ressis
précision,ressister
précompact,prekompakt
prédécesseur,diaraoger
prédicat,predikad
préhilbertien,prehilbertian
premier (nombre),prim (niver)
premier (ordinal),kentañ
prémisse,premiss
préordre,rag-urzh
près,tost
presque,ogos
presque partout,ogos dre-oll
presque premier,ogos prim
presque sûr,ogos sur
presque tous,ogos oll
preuve,prouenn
prévision,diawel
prévoir,diaweled
primaire,primar
primalité,primalded
prime ('),prim
primitif,primitivel
primitive,primitivenn
principal,pennañ
principe,"pennreol, prinsip"
prioritaire,priorel
priorité,priorelded
prismatique,prismatik
prisme,prism
pro-,pro-
probabilisable,probabilisadus
probabilisé (espace),spass probabiliset
probabilité (loi de),lesenn-brobapter
probabilité(s),probapter(ioù)
probable,probabl
problématique,problematik
problématique,problematikel
problème,problem
processus,prossessus
proche,tost
produit,produ
produit cartésien,produ kartesian
produit direct,produ direkt
produit en croix,produ e kroas
produit hermitien,produ hermitian
produit infini,produ infinit
produit mixte,produ kemmesk
produit scalaire,produ skalar
produit semi-direct,produ semi-direkt
produit tensoriel,produ tensorel
produit vectoriel,produ vektorel
profini,profinit
programmation,programmadur
programme,programm
programmer,programmiñ
progression,progressadenn
projecteur,projekter
projectif,projektivel
projection,projektadenn
projetante,projekteres
projeté,projekted
projetée,projektenn
projeter,projektiñ
prolongement,astennad
prolonger,astenn
proportion,kenfeur
proportionnalité,kenfeurelezh
proportionnel (à),"kenfeurel (da), a-genfeur (gant)"
proportionnel (directement...à),a-genfeur end-eeun gant
proportionnel (inversement...à),a-genfeur end-invers gant
proportionnelle,kenfeurelenn
proposition,proposadenn
propositionnel,proposadennel
propre,"gwirion, prop"
propre (conique),konikenn wirion
propre (valeur),talvoud prop
propre (vecteur),vektor prop
propriété,perzh
prouver,prouiñ
pseudo-,pseudo-
pseudo-carré,pseudo-karrez
pseudo-périodique,pseudo-periodeg
pseudo-premier,pseudo-prim
Pseudo-sphère,pseudo-sferenn
"psi (ψ, Ψ)",psi
puissance,galloud
pur,pur
pur (imaginaire),imajinar pur
pyramidal,piramidel
pyramide,piramidenn
quad-,"kwadr-, pewar-"
quadrangle,"pewarc'hogn, pewarc'horn"
quadrangle complet,pewarc'horn klok
quadrangulaire,pewarc'horneg
quadrant,kwadrant
quadratique,kwadratik
quadratrice,kwadrateres
quadrature,kwadratur
quadrifolium,kwadrifolium
quadrilatéral,pewarc'hostezel
quadrilatère,pewarc'hostez
quadrilatère complet,pewarc'hostez klok
quadrillage,karrezennadur
quadrillé,karrezennet
quadrillion (10^24),kwadrilion
quadrique,kwadrikenn
quadruplet,kwadruplet.
qualitatif,kalitativel
quantificateur,kwantifier
quantificateur existentiel (Ǝ),kwantifier-bezoud
quantificateur universel (∀),kwantifier universel
quantification,kwantifiadur
quantifier,kwantifiañ
quantile,kwantil
quantitatif,kementadel
quantité,kementad
quarrable,kwaradus
quart,kard
quartile,kartil
quartique,kwartikenn
quasi-,kasi-
quasi-compact,kasi-kompakt
quasi-fini,kasi-finit
quasi-parfait,Kasi-parfet
quasi-régulier,kasi-reolieg
quaternion,kwaternion
quatre,pewar/peder
quatrième proportionnelle,pederved kenfeurelenn
quel que soit x,ewid ne vern pe x
quelconque,ne vern pe (peheni)
question,aters
quintillion (10^30),kwintilion
quintuplet,kwintuplet
quotient,kossiant
quotienter (par),kossiantiñ (dre)
raccourci,berraet
racine,gwrizienn
radial,radial
radian,radian
radical,radikal
radicande,radikant
raison (d'une progression),pasenn
raisonnement,resonamant
raisonner,resoniñ
randomisation,randomisadur
randomiser,randomisañ
rang,renk
rangement,renkadur
ranger,renkañ
rapport,keñver
rare (partie),lodenn rouez
rationalité,rassionalded
rationnel,rassional
rayon,radius
rayon de convergence,radius-konverjañs
rayon de courbure,radius-krommadur
rayon de torsion,radius-gweadur
réalisable,realisadus
réalisation,realisadur
réaliser,"realisañ, seveniñ"
réalité,realded
rebroussement (point de),poent-kisadur
réciprocité,ressiprokelezh
réciproque,ressiprokenn
réciproque,ressiprokel
recouvrement,goloadur
rectangle,"reizhkogn, reizhkorn"
rectangle (triangle),tric'horn reizh
rectangulaire,reizhkorneg
rectifiabilité,rektifiadusted
rectifiable,rektifiadus
rectifiant,rektifiant
rectification,rektifiadur
rectifier,rektifiañ
rectiligne,eeunlinennel
récurrence,rekurañs
récurrent,rekurant
récursif,rekursivel
récursivité,rekursivelezh
redondance,refonn
redondant,refonnus
réductibilité,redusadusted
réductible,redusadus
réductif,reduktivel
réduction,"reduksion, redusadur"
réduction,bihanadur
réduire,redusiñ
réduit,reduset
réduite,redusenn
réel,real
référence,referañs
référentiel,referañsiel
réflexif,refleksivel
réflexion,refleksion
réflexivité,refleksivelezh
réglé,reoliet
règle,reolenn
réglée (fonction),fonksion reoliet
réglée (surface),gorreenn reoliet
régression,regressadur
regrouper,(ad)strollañ
régularisation,reoliekadur
régulariser,reoliekaad
régularité,reoliegezh
régulier,reolieg
relatif (à),relativel (da)
relation,relassion
relativement,end-relativel
relativité,relativelezh
relaxation,relaksassion
relier,kenliammañ
remarquable,merkabl
remarquable,remerkus
remarque,remerk
remarquer,remerkiñ
remplacer (x par y),ramplassiñ (x gant y)
rencontre (point de),poent-kevarvoud
rentrant (angle),ankl-ask(ek)
répartir,dasparzhañ
répartition,dasparzh
repère,daveer
repérer,daveañ
répétition,adwezhiadur
représentable,represantadus
représentant,represantant
représentation graphique,represantadur grafikel
représentations (théorie des),represantadurioù (teorienn ar)
représenter,represantiñ
réseau,rouedad
résidu,residu
résiduel,residuel
résolubilité,resolvadusted
résoluble,resolvadus
résolution,resolvadur
résolvante,resolvantenn
résoudre,resolviñ
respectif,a-getep
respectivement,a-getep
reste,rest
restreindre,destrishaad
restreint,destrishaet
restriction,destrishadcnn
résultant,resultant
résultante,resultantenn
résultat,resultad
résulter,resultiñ
retournement,hanter-dro
rétrocompact,retrokompakt
réunion,"uniadur, reunion"
réversibilité,reversadusted
réversible,reversadus
révolution (solide de),soludenn-dro
révolution (surface de),gorreenn-dro
Rhind (papyrus),papirus Rhind
"rhô (ρ, Ρ)",rho
rhombe,romb
rhomboèdre,romboedr
rhomboïdal,romboïdal
rhomboïde,romboïd
riemannien,riemannian
romain (chiffre),sifr roman
rotation,trôadenn
rotationnel,rotassionel
roulante,ruilheres
roulement,ruilhadur
roulement avec glissement,ruilhadur gant riskladur
roulement sans glissement,ruilhadur heb riskladur
rouler,ruilhañ
roulette,ruilhenn
saillant (angle),ankl silhant
saros,saros
satellite,satellit
satisfaire,satisfiañ
Saturne,Saturn(us)
savant,gouizieg
scalaire,skalar
scalène,skalen
sciences,"skiantoù, gouiañs"
scientifique,"skiantel, gouiañsel"
scientifique,"skiantour, gouiansour"
schéma,chema
schématique,chemateg
sécant,sekant
sécante,sekantenn
sécante (sec),sekant
second (degré),eil derez
seconde,segondenn
seconde (espèce),eil spess
secteur angulaire,sektor-ankl
secteur circulaire,sektor-kelc'h
secteur sphérique,sektor-sferenn
section,seksion
section commençante,seksion-deroù
section finissante,seksion-dibenn
segment,segmant
selle (point-),ode
semblable,"heñvel, hañval"
semi-,"hanter-, semi-"
semi-algébrique,semi-aljebreg
semi-analytique,semi-analitikel
semi-circulaire,hanter-gelc’hieg
semi-continue,hanter-gendalc'hus
semi-continuité,hanter-gendalc’husted
semi-convergence,semi-konverjañs
semi-convergent,semi-konverjant
semi-cubique,semi-kubeg
semi-défini,hanter-dermenet
semi-direct,semi-direkt
semi-distance,semi-distañs
semi-fermé,hanter-serr
semi-groupe,semi-group
semi-harmonique,semi-harmonikel
semi-linéaire,semi-linear
semi-local,semi-lokal
semi-magique,semi-majik
semi-norme,semi-norm
semi-ouvert,hanter-zigor
semi-parfait,semi-parfet
semi-polaire,semi-polar
semi-premier,semi-prim
senestrorsum,senestrorsum
sens (orientation),tuadur
séparabilité,separadusted
séparable,separadus
séparation,separadur
séparé,separ
séparer,separiñ
séquence,sekañs
séquentiel,sekañsiel
série,serienn
série entière,serienn (galloudoù) anterin
série formelle,serienn formel
série trigonométrique,serienn d-trigonometreg
sesquilinéaire,seskilinear
sexagésimal,tri-ugentel
sextillion (10^36),sekstilion
si ... alors,mar ... neuse
si et seulement si (SSI),mar ... ha hebken mar ... (mmar)
sidérale (année),bloawezh sideral
"sigma (σ,Σ)",sigma
signature,sinatur
signe,sin
significatif,sinifius
signification,sinifiañs
signifier,sinifiañ
similitude,"heñveliezh, hañvaliezh"
simple,simpl
simplement,"ent-simpl, simpl-ha-simpl"
simplexe,simpleks
simplicité,simpted
simplifiable,simpladus
simplification,simpladur
simplifier,simplaad
simultané,kevadeg
simultanément,ent-kevadeg
singleton,unad
singularité,singularder
singulier,singular
sinus,sinus
sinus hyperbolique,sinus hiperboleg
sinus intégral,sinus integral
sinusoïdal,sinusoïdel
sinusoïde,sinusoïdenn
situation,lec'hiadur
situation générale,lec’hiadur jeneral
situé,lec'hiet
situer,lec'hiañ
"soit, soient",bezet
solaire,"-Heol, heolel"
Soleil,Heol
solide,soludenn
solide de révolution,soludenn-dro
solstice,goursav-heol
solution,solvenn
sommabilité,sonnnadusted
sommable,sommadus
sommant,sommant
sommation,sommadur
sommatoire,sommadurel
somme,somm
somme directe,somm direkt
sommer,sommañ
sommet,beg
sorte,sort
sous-,is-
sous-additif,is-aditivel
sous-additivité,is-aditivelezh
sous-algèbre,is-aljebr
sous-anneau,is-anell
sous-catégorie,is-kategorienn
sous-corps,is-korf
sous-ensemble,is-teskad
sous-espace,is-spass
sous-graphe,is-graf
sous-groupe,is-group
sous-harmonique,is-harmonikel
sous-jacent (à),is-lec'hiet (douzh)
sous-matrice,is-matriss
sous-module,is-modul
sous-multiple,is-lieskement
sous-normale,is-normalenn
sous-objet,is-objet
sous-structure,is-struktur
sous-suite,is-heulienn
sous-tangente,is-tanjantenn
sous-variété,is-variete
soustraction,lamadur
soustraire,lemel
spécial,spessial
spécialisation,spessialisadur
spécialiser,spessialisañ
spécialité,spessialded
spectral,spektral
spectre,spektr
spéculatif,spekulativel
sphère,sferenn
sphérique,"-sferenn, sfereg"
spineur,spinor
spinoriel,spinorel
spiral,spiral
spirale,spiral
spline,splin
sporadique,sporadik
SSI,mmar
stabilisateur,stabillaer
stabiliser,stabillaad
stabilité,stabilded
stable,stabil
standard,standard
stathme euclidien,statm euklidian
stationnaire,stassionar
statique,statik
statique,statikel
statistique,statistikel
statistique(s),statistik(où)
stéradian,stéradian
stère,ster
stéréographie,stereografiezh
stéréographique,stereografeg
stéréométrie,stereometriezh
stéréométrique,stereometreg
stochasticité,stokastikelezh
stochastique,stokastik
stochastiquement,ent-stokastik
strict,strizh
strictement,ent-strizh
strophoïde,strofoïdenn
structural,struktural
structure,skruktur
subdiviser,is-rannañ
subdivision,is-rann
subordonné (à),is-urzhiet (da)
substituer,substituiñ
substitution,substituadenn
successeur,heulier
successif,heulius
suffisant,"bastus, sufiss"
suffit (il),bastus eo
suite,heulienn
suite arithmétique,heulienn aritmetik
suite convergente,heulienn g-konverjant
suite croissante,heulienn g-kreskant
supérieur,ussañ
supérieur (à),brassoc’h (eged)
supérieure (borne),bonn ussañ
supérieure (limite),limit ussañ
supérieurement,end-ussañ
superposable,superposadus
superposer,superposiñ
superposition,superposadur
supplémentaire,ouzhpennadel
support,suport
supposition,suposadenn
sûr,sur
sur-corps,us-korf
sûrement,sur-tre
surface,gorreenn
surface de révolution,gorreenn-dro
surjectif,surjektivel
surjection,surjeksion
surjectivité,surjektivelezh
syllogisme,silojism
symbole,simbol
symbolique,simboleg
symédiane,simedianenn
symétrie,simetriezh
symétrie axiale,simetriezh-ahel
symétrie centrale,simetriezh-kreis
symétrique,simetreg
symétrisabilité,simetrisadustecl
symétrisable,simetrisadus
symétrisation,simetrisadur
symétrisé,simetrised
symétriser,simetrisañ
symplectique,simplektik
synthèse,sintesenn
synthétique,sinteteg
systématique,sistematik(el)
systématisation,sistematisadur
systématiser,sistematisañ
système,sistem
système de Cramer,sistem Cramer
système général,sistem jeneral
système homogène,sistem homogeneg
système linéaire,sistem linear
système solaire,sistem-Heol
syzygie,sizijienn
table,taol(enn)
tableau,taolenn
taille,ment
tangence,tañjañs
tangent (à),tañjant (douzh)
tangente,tañjantenn
"tangente (tan, tg)",tañjant
tangente hyperbolique,tañjant hiperboleg
tangentiel,tañjañsiel
"tau (τ, Τ)",to
tauto-,toto-
tautochrone,totokron
tautologie,totologiezh
taux,feur
tel que,a sort gant / a sort ged / a sort ma
tendre (vers),tennañ (war-du)
tendre en valeur absolue (vers),tennañ e talvoud absolut (war-du)
tenseur,tensor
tensoriel,tensorel
téra- (T) : ×10^12,tera-
téragone,teragon
terme,term
ternaire,ternar
Terre,Douar
test,test
tétrade,tetrad
tétraèdre,tetraedr
tétraédrique,tetraedreg
tétragonal,tetragonal
tétragone,tetragon
théorème,teorem
théorie,teorienn
théorique,teorikel
théorisation,teorisadur
théoriser,teorisañ
thèse,tesenn
"thêta (θ, Θ)",teta
tiers exclu,trede eskloset
tolérance,tolerañs
tolérer,toleriñ
topologie,topologiezh
topologique,topologikel
topologiquement,ent-topologikel
tore,tor
torique,toreg
torseur,gweour
torsion,gweadur
total,ollel
total,ollad
totalement,end-ollel
totalité,ollelded
tout,oll
trace,tress
tracé,tressadenn
tracer,tressañ
tractrice,trakteres
trajectoire,treugenn
trajet,treug
trans-,trañs-
transcendance,trañsandañs
transcendant,trañsandant
transférer,trañsferiñ
transfert,trañsfert
transfini,trañsfinit
transformation,trañsformadenn
transformé,trañsformed
transformée,trañsformenn
transformer,trañsformiñ
transitif,trañsitivel
transitivement,ent-trañsitivel
transitivité,trañsitivelezh
translation,trañslatadenn
transposé,trañsposed
transposée,trañsposenn
transposer,trañsposiñ
transposition,trañsposadenn
transvection,trañsveksion
transversal,trañversal
transversale,trañsversalenn
transversalité,trañsversalded
transverse,trañsvers
trapèze,trapes
trapézoïdal,trapesoïdel
treillis,treilhis
triade,triad
triadique,triadik
triangle,"tric’hogn, tric’horn"
triangulable,trianguladus
triangulaire,tric'horneg
triangularisable,tric'hornekadus
triangularisation,tric'hornekadur
triangulariser,tric'hornekaad
triangulation,trianguladur
trianguler,trianguliñ
tridiagonal,tridiagonal
trièdre,triedr
trifolium,trifolium
trigonométrie,trigonometriezh
trigonométrique,trigonometreg
trigonométrique (cercle),kelc’h trigonometreg
trilinéaire,trilinear
trillion (10^18),trilion
trinôme,trinom
triple,tripl
triplet,triplet
trirectangle,trireizhkorn
trirégulier,trireolieg
trisécant,trisekant
trisécante,trisekantenn
trisectable,trisektadus
trisection,triseksion
trisectrice,trisekteres
tritangent,tritañjant
trivalent,trivalant
trivial,trivial
trivial (nœud),skoulm trivial
trivialisation,trivialisadur
trivialiser,trivialisañ
trochoïde,trokoïdenn
trois,tri/teir
tronc (de),kef-
tronc de cône,kef-kon
tronc de prisme,kef-prismm
tronc de pyramide,kef-piramidenn
troncature,beskadur
tronqué,besk(et)
tronquer,beskañ
type,tip
ultra-,ultra-
ultrafiltre,ultrafiltr
ultramétrique,ultrametreg
ultraproduit,ultraprodu
uni-,uni-
unicité,unikted
unicursale,unikursal
unifère,unitar
uniforme,unvan
uniformément,end-unvan
unimodal,unimodal
unimodulaire,unimodular
union,uniadur
unipotent,unipotant
unique,unik
unitaire,unitar
unité,unanenn
unité de mesure,unanenn-vusul
univalent,univalant
univers,univers
universalité,universelded
universel,universel
univoque,univokel
"upsilon (υ, Υ)",upsilon
Uranus,Uranus
valeur,talvoud
valeur absolue,talvoud absolud
valeur propre,talvoud prop
valide,valid
valider,validañ
valuation,valuadur
valué,valuet
variable,variant
variable,variantenn
variable aléatoire,variantenn dargouezheg
variance,variañs
variation,variadur
variation des constantes,variadur ar c'honstantennoù
varié,variet
varier,variañ
variété,variete
vecteur,vektor
vecteur propre,vektor prop
vectoriel,vektorel
vectoriel (espace),spass vektorel
vérification,gwiriadur
vérifier,gwiriañ
véritable,gwirion
vérité,gwirded
vérité (valeur de),talvoud-gwirded
vertical,vertikal
verticale,vertikalenn
verticalité,vertikalded
vicésimal,ugentel
vide,goullo
virgule,virgulenn
virtuel,virtual
vissage,biñsadenn
vitesse,tizh
voisinage,nessañder
volume,volum
vrai,gwir
vraisemblable,gwirheñvel
vraisemblance,gwirheñvelidigezh
wronskien,wronskian
zénith,zenit
zéro,zero
zone,zonenn
zone sphérique,zonenn sfereg
σ-additif,σ-aditivel
σ-additivité,σ-aditivelezh
σ-algèbre,σ-aljebr
